{
  "cv_results": {
    "ridge": {
      "r2_mean": 0.9893469069644565,
      "r2_std": 0.002670176377705195,
      "rmse_mean": 845.5186646330754,
      "rmse_std": 80.99183324949847
    },
    "elastic_net": {
      "r2_mean": 0.9860549137909604,
      "r2_std": 0.0022416068560217085,
      "rmse_mean": 986.7515763689892,
      "rmse_std": 171.67468298207348
    },
    "gbm": {
      "r2_mean": 0.9836610378949254,
      "r2_std": 0.0075018331109754696,
      "rmse_mean": 1064.7575066849688,
      "rmse_std": 351.17736943073675
    }
  },
  "test_results": {
    "ridge": {
      "metrics_by_target": {
        "Revenue Month 1": {
          "RMSE": 1111.93,
          "MAE": 831.95,
          "R2": 0.9792,
          "MAPE": 4.77
        },
        "Revenue Month 2": {
          "RMSE": 1037.6,
          "MAE": 798.69,
          "R2": 0.9811,
          "MAPE": 4.9
        },
        "Revenue Month 3": {
          "RMSE": 1295.21,
          "MAE": 1042.69,
          "R2": 0.9729,
          "MAPE": 5.98
        },
        "Members Month 3": {
          "RMSE": 10.41,
          "MAE": 8.41,
          "R2": 0.9684,
          "MAPE": 4.72
        },
        "Retention Month 3": {
          "RMSE": 0.03,
          "MAE": 0.03,
          "R2": 0.438,
          "MAPE": 3.9
        }
      },
      "overall_rmse": 893.38,
      "overall_r2": 0.9933,
      "overall_mae": 536.35
    },
    "elastic_net": {
      "metrics_by_target": {
        "Revenue Month 1": {
          "RMSE": 1565.76,
          "MAE": 1130.56,
          "R2": 0.9588,
          "MAPE": 6.94
        },
        "Revenue Month 2": {
          "RMSE": 1301.31,
          "MAE": 931.02,
          "R2": 0.9703,
          "MAPE": 5.96
        },
        "Revenue Month 3": {
          "RMSE": 1703.23,
          "MAE": 1287.46,
          "R2": 0.9531,
          "MAPE": 7.49
        },
        "Members Month 3": {
          "RMSE": 21.11,
          "MAE": 18.29,
          "R2": 0.87,
          "MAPE": 10.75
        },
        "Retention Month 3": {
          "RMSE": 0.04,
          "MAE": 0.04,
          "R2": -0.0011,
          "MAPE": 5.48
        }
      },
      "overall_rmse": 1187.14,
      "overall_r2": 0.9882,
      "overall_mae": 673.47
    },
    "gbm": {
      "metrics_by_target": {
        "Revenue Month 1": {
          "RMSE": 1871.82,
          "MAE": 1288.5,
          "R2": 0.9411,
          "MAPE": 7.67
        },
        "Revenue Month 2": {
          "RMSE": 1700.58,
          "MAE": 1172.98,
          "R2": 0.9493,
          "MAPE": 6.95
        },
        "Revenue Month 3": {
          "RMSE": 2114.94,
          "MAE": 1471.5,
          "R2": 0.9276,
          "MAPE": 8.13
        },
        "Members Month 3": {
          "RMSE": 18.87,
          "MAE": 15.85,
          "R2": 0.8961,
          "MAPE": 8.35
        },
        "Retention Month 3": {
          "RMSE": 0.03,
          "MAE": 0.03,
          "R2": 0.401,
          "MAPE": 3.92
        }
      },
      "overall_rmse": 1474.38,
      "overall_r2": 0.9817,
      "overall_mae": 789.77
    }
  },
  "best_model": "ridge",
  "timestamp": "2025-11-07T22:06:35.722133",
  "phase": "Phase 3 - Multi-Studio Data",
  "training_samples": 732,
  "test_samples": 48,
  "n_studios_train": 12,
  "n_studios_test": 12
}
